name,type,source,length
README.md,.md,tmp_repo\README.md,1314
page_1,FunctionDef,tmp_repo\StepUpAI\app.py,416
load_examples,FunctionDef,tmp_repo\StepUpAI\app.py,414
load_role_skills,FunctionDef,tmp_repo\StepUpAI\app.py,418
get_embedding,FunctionDef,tmp_repo\StepUpAI\app.py,161
extract_text_from_pdf,FunctionDef,tmp_repo\StepUpAI\app.py,154
anonymize,FunctionDef,tmp_repo\StepUpAI\app.py,396
retrieve_examples,FunctionDef,tmp_repo\StepUpAI\app.py,220
generate_skill_gap,FunctionDef,tmp_repo\StepUpAI\app.py,1610
get_skill_priorities_from_gpt,FunctionDef,tmp_repo\StepUpAI\app.py,958
extract_json_from_response,FunctionDef,tmp_repo\StepUpAI\app.py,224
load_skill_resources,FunctionDef,tmp_repo\StepUpAI\app.py,151
split_skills_by_rag_presence,FunctionDef,tmp_repo\StepUpAI\app.py,278
generate_hybrid_action_plan,FunctionDef,tmp_repo\StepUpAI\app.py,3297
requirements.txt,.txt,tmp_repo\StepUpAI\requirements.txt,76
applypatch-msg.sample,.sample,tmp_repo\.git\hooks\applypatch-msg.sample,478
commit-msg.sample,.sample,tmp_repo\.git\hooks\commit-msg.sample,896
fsmonitor-watchman.sample,.sample,tmp_repo\.git\hooks\fsmonitor-watchman.sample,4726
post-update.sample,.sample,tmp_repo\.git\hooks\post-update.sample,189
pre-applypatch.sample,.sample,tmp_repo\.git\hooks\pre-applypatch.sample,424
pre-commit.sample,.sample,tmp_repo\.git\hooks\pre-commit.sample,1649
pre-merge-commit.sample,.sample,tmp_repo\.git\hooks\pre-merge-commit.sample,416
pre-push.sample,.sample,tmp_repo\.git\hooks\pre-push.sample,1374
pre-rebase.sample,.sample,tmp_repo\.git\hooks\pre-rebase.sample,4898
pre-receive.sample,.sample,tmp_repo\.git\hooks\pre-receive.sample,544
prepare-commit-msg.sample,.sample,tmp_repo\.git\hooks\prepare-commit-msg.sample,1492
push-to-checkout.sample,.sample,tmp_repo\.git\hooks\push-to-checkout.sample,2783
sendemail-validate.sample,.sample,tmp_repo\.git\hooks\sendemail-validate.sample,2308
update.sample,.sample,tmp_repo\.git\hooks\update.sample,3650
